model_type,network_structure,relative_error
PINN,4x50,0.2190954357848603
IFNN-PINN,4x50,0.10696175465423926
A-PINN,4x50,0.145718512382367422
H-PINN,4x50,0.053884896274362012